{
  "Full PSI": {
    "val_loss_mean": 0.03846232849381132,
    "val_loss_std": 0.024823801564967392,
    "rollout_mse_mean": 